{
  "publicPath": "/dist/",
  "all": [
    "0.71cb4d047105c09573b0.js",
    "1.dc5b29b8f3d9118d8f80.js",
    "2.bd8c4def1ef25bfe6574.js",
    "3.00ad840c1e38055db882.js",
    "4.119335357a3d5b8345da.js",
    "5.922087cae4218b9ff5c9.js",
    "6.14f3178c663318da4d40.js",
    "7.5e92edc7febf512d6a51.js",
    "8.e4d794261252c67897d2.js",
    "9.1a2ece8f8033910d93a9.js",
    "main.a6fc25b842c4987e276f.js"
  ],
  "initial": [
    "main.a6fc25b842c4987e276f.js"
  ],
  "async": [
    "0.71cb4d047105c09573b0.js",
    "1.dc5b29b8f3d9118d8f80.js",
    "2.bd8c4def1ef25bfe6574.js",
    "3.00ad840c1e38055db882.js",
    "4.119335357a3d5b8345da.js",
    "5.922087cae4218b9ff5c9.js",
    "6.14f3178c663318da4d40.js",
    "7.5e92edc7febf512d6a51.js",
    "8.e4d794261252c67897d2.js",
    "9.1a2ece8f8033910d93a9.js"
  ],
  "modules": {
    "46653517": [
      10
    ],
    "73942832": [
      10
    ],
    "a283c58e": [
      10
    ],
    "398b4ae6": [
      10
    ],
    "6cae7ca4": [
      10
    ],
    "91c3032c": [
      1
    ],
    "4185e47b": [
      9
    ],
    "babc6d00": [
      1
    ],
    "eb72f21a": [
      3
    ],
    "5f4c6342": [
      0
    ],
    "4db25037": [
      10
    ],
    "7924343b": [
      10
    ],
    "dfa0b40c": [
      10
    ],
    "4a5f9194": [
      10
    ],
    "3ff5a14c": [
      1
    ],
    "1b8190d6": [
      9
    ],
    "59e97d9e": [
      1
    ],
    "1e1f4a68": [
      4
    ],
    "0c7c7614": [
      3
    ],
    "569cee98": [
      0
    ],
    "5c8fa6d6": [
      6
    ],
    "1a527efa": [
      7
    ],
    "718cda40": [
      8
    ],
    "03e60abc": [
      5
    ],
    "778a7084": [
      10
    ],
    "3f9e2fd0": [
      1
    ],
    "1a247c8f": [
      9
    ],
    "3614ba18": [
      1
    ],
    "d4f93bf4": [
      4
    ],
    "7067de07": [
      3
    ],
    "1f037864": [
      0
    ],
    "04195b26": [
      6
    ],
    "ef4925fe": [
      7
    ],
    "594ca79a": [
      8
    ],
    "1c4d799c": [
      5
    ],
    "7d1f5233": [
      10
    ],
    "42a61666": [
      10
    ],
    "1a39a0f2": [
      10
    ],
    "9e558d62": [
      10
    ],
    "7b2a5fea": [
      1
    ],
    "86eca88c": [
      9
    ],
    "0c2036e1": [
      1
    ],
    "eb46201c": [
      3
    ],
    "e19e343a": [
      0
    ],
    "1a4a08c4": [
      10
    ],
    "19e75df7": [
      10
    ],
    "7f1c3706": [
      10
    ],
    "336dcdef": [
      10
    ],
    "085ae31b": [
      10
    ],
    "343d68e3": [
      10
    ],
    "a4941ff4": [
      10
    ],
    "1c1cd7be": [
      10
    ],
    "dde7a36a": [
      1
    ],
    "6c7a9030": [
      1
    ],
    "56b3f0c2": [
      1
    ],
    "7b83c952": [
      1
    ],
    "75af794f": [
      9
    ],
    "4f089980": [
      9
    ],
    "30c085a6": [
      9
    ],
    "126ce666": [
      9
    ],
    "76e11094": [
      1
    ],
    "17abc487": [
      1
    ],
    "7c6bd975": [
      1
    ],
    "844a3814": [
      1
    ],
    "a95f2356": [
      10
    ],
    "c51552ce": [
      4
    ],
    "26aac994": [
      4
    ],
    "c2d86778": [
      4
    ],
    "716c3da2": [
      3
    ],
    "38208de0": [
      3
    ],
    "130ea644": [
      3
    ],
    "dc79bc76": [
      3
    ],
    "2cc4f54d": [
      0
    ],
    "6ed3856e": [
      0
    ],
    "3f16f177": [
      0
    ],
    "4ad89834": [
      0
    ],
    "161a86a0": [
      6
    ],
    "2c22792a": [
      6
    ],
    "8cf8e422": [
      6
    ],
    "cf736dfc": [
      7
    ],
    "ac8b424e": [
      7
    ],
    "447d7f03": [
      7
    ],
    "789f7ca5": [
      8
    ],
    "6f31192a": [
      8
    ],
    "5d8c51f1": [
      8
    ],
    "0a0b8203": [
      5
    ],
    "92b027e8": [
      5
    ],
    "11ca76da": [
      5
    ],
    "34a1d685": [
      10
    ]
  }
}