{
  "publicPath": "/dist/",
  "all": [
    "0.12c6dff586f872e7a9f6.js",
    "1.8f22be8899f5f0f8026e.js",
    "2.60ccdf23817cfc0261f9.js",
    "3.3789ab2676e74a7932e0.js",
    "4.119335357a3d5b8345da.js",
    "5.bb0e4a67f4f14582fe59.js",
    "6.20b1efc21a298c1a5365.js",
    "7.5369594a68ae1c3de557.js",
    "8.6b8d7a2347ae1c2367d5.js",
    "main.c1e21a7151d0a4f0bd81.js"
  ],
  "initial": [
    "main.c1e21a7151d0a4f0bd81.js"
  ],
  "async": [
    "0.12c6dff586f872e7a9f6.js",
    "1.8f22be8899f5f0f8026e.js",
    "2.60ccdf23817cfc0261f9.js",
    "3.3789ab2676e74a7932e0.js",
    "4.119335357a3d5b8345da.js",
    "5.bb0e4a67f4f14582fe59.js",
    "6.20b1efc21a298c1a5365.js",
    "7.5369594a68ae1c3de557.js",
    "8.6b8d7a2347ae1c2367d5.js"
  ],
  "modules": {
    "46653517": [
      9
    ],
    "73942832": [
      9
    ],
    "a283c58e": [
      9
    ],
    "398b4ae6": [
      9
    ],
    "6cae7ca4": [
      9
    ],
    "91c3032c": [
      1
    ],
    "babc6d00": [
      1
    ],
    "eb72f21a": [
      3
    ],
    "5f4c6342": [
      0
    ],
    "4db25037": [
      9
    ],
    "7924343b": [
      9
    ],
    "dfa0b40c": [
      9
    ],
    "4a5f9194": [
      9
    ],
    "59e97d9e": [
      1
    ],
    "1e1f4a68": [
      4
    ],
    "0c7c7614": [
      3
    ],
    "569cee98": [
      0
    ],
    "03e60abc": [
      5
    ],
    "778a7084": [
      9
    ],
    "3f9e2fd0": [
      1
    ],
    "3614ba18": [
      1
    ],
    "d4f93bf4": [
      4
    ],
    "7067de07": [
      3
    ],
    "1f037864": [
      0
    ],
    "1c4d799c": [
      5
    ],
    "7d1f5233": [
      9
    ],
    "42a61666": [
      9
    ],
    "1a39a0f2": [
      9
    ],
    "9e558d62": [
      9
    ],
    "7b2a5fea": [
      1
    ],
    "0c2036e1": [
      1
    ],
    "eb46201c": [
      3
    ],
    "e19e343a": [
      0
    ],
    "1a4a08c4": [
      9
    ],
    "19e75df7": [
      9
    ],
    "7f1c3706": [
      9
    ],
    "336dcdef": [
      9
    ],
    "085ae31b": [
      9
    ],
    "343d68e3": [
      9
    ],
    "a4941ff4": [
      9
    ],
    "1c1cd7be": [
      9
    ],
    "dde7a36a": [
      1
    ],
    "56b3f0c2": [
      1
    ],
    "7b83c952": [
      1
    ],
    "76e11094": [
      1
    ],
    "17abc487": [
      1
    ],
    "7c6bd975": [
      1
    ],
    "844a3814": [
      1
    ],
    "a95f2356": [
      9
    ],
    "c51552ce": [
      4
    ],
    "26aac994": [
      4
    ],
    "c2d86778": [
      4
    ],
    "716c3da2": [
      3
    ],
    "38208de0": [
      3
    ],
    "130ea644": [
      3
    ],
    "dc79bc76": [
      3
    ],
    "2cc4f54d": [
      0
    ],
    "6ed3856e": [
      0
    ],
    "3f16f177": [
      0
    ],
    "4ad89834": [
      0
    ],
    "161a86a0": [
      6
    ],
    "cf736dfc": [
      7
    ],
    "789f7ca5": [
      8
    ],
    "0a0b8203": [
      5
    ],
    "92b027e8": [
      5
    ],
    "11ca76da": [
      5
    ],
    "34a1d685": [
      9
    ]
  }
}